category,text
ORDEN,"¿Por qué el orden es mi mejor aliado para el éxito?"
ORDEN,"¿Por qué estoy organizando mi vida para alcanzar mis sueños?"
ORDEN,"¿Por qué un entorno organizado genera una mente clara?"
ORDEN,"¿Por qué mi espacio refleja mi paz interior?"
ORDEN,"¿Por qué la organización me da control sobre mi tiempo?"
ORDEN,"¿Por qué cada acción que realizo tiene un propósito claro?"
ORDEN,"¿Por qué con orden, cada tarea se vuelve más manejable?"
ORDEN,"¿Por qué soy disciplinado y sigo una rutina organizada?"
ORDEN,"¿Por qué el orden en mi entorno me da paz y serenidad?"
ORDEN,"¿Por qué la organización es la clave para lograr mis objetivos?"
ORDEN,"¿Por qué mantengo todo en su lugar para que todo fluya con facilidad?"
ORDEN,"¿Por qué cada día organizo mis tareas para ser más productivo?"
ORDEN,"¿Por qué mi vida está llena de estructura y claridad?"
ORDEN,"¿Por qué me siento libre cuando todo está en su lugar?"
ORDEN,"¿Por qué el caos no tiene lugar en mi vida organizada?"
ORDEN,"¿Por qué mi mente se siente más tranquila cuando mi entorno está ordenado?"
ORDEN,"¿Por qué planificar me da el control sobre mis metas?"
ORDEN,"¿Por qué la organización es un hábito que fortalece mi vida?"
ORDEN,"¿Por qué el orden en mi espacio me permite enfocarme en lo que importa?"
ORDEN,"¿Por qué el desorden no es una opción para mí, el orden es mi camino?"
ORDEN,"¿Por qué soy una persona organizada y productiva?"
ORDEN,"¿Por qué el orden en mis pensamientos me ayuda a tomar mejores decisiones?"
ORDEN,"¿Por qué cada tarea que realizo la hago con precisión y orden?"
ORDEN,"¿Por qué la organización me ayuda a reducir el estrés?"
ORDEN,"¿Por qué organizo mi día para aprovechar al máximo cada momento?"
ORDEN,"¿Por qué la organización me permite alcanzar mis metas con mayor facilidad?"
ORDEN,"¿Por qué el orden no es solo físico, también es mental?"
ORDEN,"¿Por qué cada momento que paso organizando me acerca más a mis sueños?"
ORDEN,"¿Por qué al mantener el orden, elimino distracciones?"
ORDEN,"¿Por qué la claridad es el resultado de un entorno organizado?"
ORDEN,"¿Por qué con el orden, mi energía fluye sin obstáculos?"
ORDEN,"¿Por qué organizo mi espacio para que mi vida fluya con facilidad?"
ORDEN,"¿Por qué un día organizado es un día exitoso?"
ORDEN,"¿Por qué cada tarea está alineada con mis metas y sueños?"
ORDEN,"¿Por qué el orden es mi ruta hacia la calma?"
ORDEN,"¿Por qué el orden en mi vida me da la libertad de concentrarme en lo esencial?"
ORDEN,"¿Por qué la organización mejora mi eficiencia y productividad?"
ORDEN,"¿Por qué soy eficiente porque mi entorno está organizado?"
ORDEN,"¿Por qué la disciplina y el orden son la base de mi éxito?"
ORDEN,"¿Por qué puedo encontrar todo lo que necesito porque mantengo el orden?"
ORDEN,"¿Por qué la organización es el primer paso hacia el logro de mis metas?"
ORDEN,"¿Por qué cada acción que realizo tiene un propósito y está bien organizada?"
ORDEN,"¿Por qué mi vida está llena de orden y claridad?"
ORDEN,"¿Por qué organizo mi espacio para liberar mi mente?"
ORDEN,"¿Por qué soy capaz de mantener mi vida organizada a pesar de los desafíos?"
ORDEN,"¿Por qué el orden en mi vida trae paz y claridad?"
ORDEN,"¿Por qué el orden me permite enfocarme en lo que realmente importa?"
ORDEN,"¿Por qué la organización es la clave para una vida más tranquila?"
ORDEN,"¿Por qué el orden me ayuda a ser más eficiente y menos distraído?"
ORDEN,"¿Por qué soy constante y organizado en todo lo que hago?"
ORDEN,"¿Por qué cada tarea organizada es un paso más hacia mi éxito?"
ORDEN,"¿Por qué al organizar mi espacio, organizo también mi mente?"
ORDEN,"¿Por qué la organización crea un ambiente propicio para el éxito?"
ORDEN,"¿Por qué estoy rodeado de orden y eso me impulsa a ser más productivo?"
ORDEN,"¿Por qué con un espacio organizado, mi mente está más enfocada?"
ORDEN,"¿Por qué el orden me da claridad para tomar decisiones acertadas?"
ORDEN,"¿Por qué la organización es una inversión en mi bienestar?"
ORDEN,"¿Por qué soy una persona estructurada que disfruta de la organización?"
ORDEN,"¿Por qué organizo mi vida con el fin de lograr mis sueños?"
ORDEN,"¿Por qué cada cosa en su lugar, cada tarea bajo control?"
ORDEN,"¿Por qué mi entorno organizado me inspira a ser más creativo?"
ORDEN,"¿Por qué el orden es el camino hacia una vida más plena y feliz?"
ORDEN,"¿Por qué mi vida está equilibrada gracias a la organización?"
ORDEN,"¿Por qué la organización me permite alcanzar mis objetivos con claridad?"
ORDEN,"¿Por qué mantengo el orden en todo lo que hago?"
ORDEN,"¿Por qué la organización es mi herramienta para el éxito?"
ORDEN,"¿Por qué mi mente funciona mejor cuando mi entorno está ordenado?"
ORDEN,"¿Por qué mantengo el orden para ser más efectivo y menos estresado?"
ORDEN,"¿Por qué la organización me da la libertad de concentrarme en mis sueños?"
ORDEN,"¿Por qué soy una persona organizada que maneja su tiempo con sabiduría?"
ORDEN,"¿Por qué la estructura en mi vida me da estabilidad y paz?"
ORDEN,"¿Por qué el orden no solo está en mi espacio, también está en mis pensamientos?"
ORDEN,"¿Por qué la organización me da control sobre mi vida y mi tiempo?"
ORDEN,"¿Por qué al mantener el orden, elimino el caos y la confusión?"
ORDEN,"¿Por qué la organización mejora mi calidad de vida y mi bienestar?"
ORDEN,"¿Por qué cada día encuentro tiempo para organizar mi entorno y mis tareas?"
ORDEN,"¿Por qué mi espacio organizado es un reflejo de mi mente ordenada?"
ORDEN,"¿Por qué el orden es un camino hacia el éxito y la productividad?"
ORDEN,"¿Por qué cada acción organizada me acerca a mis sueños y objetivos?"
ORDEN,"¿Por qué organizo mi vida para maximizar mi tiempo y mi energía?"
ORDEN,"¿Por qué al organizar mi entorno, organizo mi futuro?"
ORDEN,"¿Por qué la organización me da el enfoque necesario para alcanzar mis metas?"
ORDEN,"¿Por qué mantengo el orden para disfrutar de una vida más tranquila?"
ORDEN,"¿Por qué soy capaz de mantener el orden en medio del caos?"
ORDEN,"¿Por qué la organización me permite disfrutar de la paz y la serenidad?"
ORDEN,"¿Por qué la disciplina y la organización son mis aliados en el camino hacia el éxito?"
ORDEN,"¿Por qué mi vida fluye con facilidad cuando está organizada?"
ORDEN,"¿Por qué el orden me permite avanzar sin distracciones?"
ORDEN,"¿Por qué la organización es mi estrategia para una vida exitosa?"
ORDEN,"¿Por qué con orden, tengo más tiempo para disfrutar de las cosas importantes?"
ORDEN,"¿Por qué mantengo mi espacio organizado porque me ayuda a sentirme bien?"
ORDEN,"¿Por qué la organización me permite gestionar mi tiempo con sabiduría?"
ORDEN,"¿Por qué el orden en mi entorno me da claridad mental?"
ORDEN,"¿Por qué me esfuerzo por mantener el orden en todo lo que hago?"
ORDEN,"¿Por qué organizar mi vida es una forma de cuidar mi bienestar?"
ORDEN,"¿Por qué el orden me permite ser más eficiente y menos estresado?"
ORDEN,"¿Por qué al estar organizado, puedo enfocarme en mis sueños y objetivos?"
ORDEN,"¿Por qué la organización es el primer paso para lograr todo lo que deseo?"
ORDEN,"¿Por qué soy una persona organizada y disfruto de los resultados?"
ORDEN,"¿Por qué cada día elijo el orden como camino hacia mi éxito y bienestar?"
AMOR,"¿Por qué el amor siempre ilumina mi camino?"
AMOR,"¿Por qué cada día siento más amor dentro de mí y a mi alrededor?"
AMOR,"¿Por qué mi corazón está lleno de amor y gratitud?"
AMOR,"¿Por qué el amor que doy y recibo me hace sentir pleno y feliz?"
AMOR,"¿Por qué el amor perfecto llega a mi vida en el momento adecuado?"
AMOR,"¿Por qué mi relación ideal se manifiesta con facilidad y alegría?"
AMOR,"¿Por qué el amor verdadero me encuentra sin esfuerzo?"
AMOR,"¿Por qué siempre estoy rodeado de amor puro y sincero?"
AMOR,"¿Por qué cada día mi capacidad de amar se expande y fortalece?"
AMOR,"¿Por qué mi vida está llena de conexiones amorosas y significativas?"
AMOR,"¿Por qué el amor en mi vida es una fuente inagotable de felicidad?"
AMOR,"¿Por qué cada experiencia amorosa me enseña y me fortalece?"
AMOR,"¿Por qué el amor me encuentra en los lugares más inesperados?"
AMOR,"¿Por qué el amor que recibo siempre es sincero y profundo?"
AMOR,"¿Por qué merezco un amor que me haga sentir seguro y valorado?"
AMOR,"¿Por qué atraigo relaciones amorosas llenas de respeto y alegría?"
AMOR,"¿Por qué el amor que deseo ya está en camino hacia mí?"
AMOR,"¿Por qué me permito vivir el amor plenamente?"
AMOR,"¿Por qué cada día es una oportunidad para dar y recibir amor?"
AMOR,"¿Por qué mi vida amorosa es armoniosa y satisfactoria?"
AMOR,"¿Por qué el amor que tengo es suficiente y perfecto para mí?"
AMOR,"¿Por qué siempre encuentro amor en los momentos más inesperados?"
AMOR,"¿Por qué mi corazón está abierto para recibir amor en abundancia?"
AMOR,"¿Por qué el amor en mi vida es duradero y sincero?"
AMOR,"¿Por qué merezco un amor sano, feliz y lleno de magia?"
AMOR,"¿Por qué las relaciones amorosas en mi vida son cada día más fuertes?"
AMOR,"¿Por qué siempre soy tratado con amor y ternura?"
AMOR,"¿Por qué el amor que busco también me está buscando a mí?"
AMOR,"¿Por qué el amor es una constante en mi vida?"
AMOR,"¿Por qué mi pareja ideal ya está en camino hacia mí?"
AMOR,"¿Por qué el amor que recibo refleja el amor que tengo por mí mismo?"
AMOR,"¿Por qué el amor fluye hacia mí con facilidad y sin esfuerzo?"
AMOR,"¿Por qué cada día aprendo a amar de manera más profunda y sincera?"
AMOR,"¿Por qué el amor llena mi vida de luz y felicidad?"
AMOR,"¿Por qué mi vida amorosa está llena de momentos mágicos y especiales?"
AMOR,"¿Por qué soy una persona digna de amor en todas sus formas?"
AMOR,"¿Por qué cada relación en mi vida me aporta amor y aprendizaje?"
AMOR,"¿Por qué el amor se manifiesta en cada aspecto de mi vida?"
AMOR,"¿Por qué la persona perfecta para mí también me está buscando?"
AMOR,"¿Por qué el amor verdadero me rodea siempre?"
AMOR,"¿Por qué doy y recibo amor sin miedo ni límites?"
AMOR,"¿Por qué el amor en mi vida es cada vez más profundo y real?"
AMOR,"¿Por qué merezco un amor que me haga crecer y evolucionar?"
AMOR,"¿Por qué cada día el amor en mi vida se multiplica?"
AMOR,"¿Por qué el amor que siento me llena de paz y plenitud?"
AMOR,"¿Por qué todas mis relaciones amorosas son armoniosas y felices?"
AMOR,"¿Por qué estoy en sintonía con el amor que merezco?"
AMOR,"¿Por qué mi corazón está listo para recibir un amor sincero y puro?"
AMOR,"¿Por qué el amor es una energía constante en mi vida?"
AMOR,"¿Por qué cada día atraigo más amor, ternura y felicidad?"
SALUD,"¿Por qué mi cuerpo se fortalece y se regenera cada día?"
SALUD,"¿Por qué disfruto de una salud vibrante y llena de energía?"
SALUD,"¿Por qué mi bienestar físico y mental mejora constantemente?"
SALUD,"¿Por qué cada célula de mi cuerpo está llena de vitalidad?"
SALUD,"¿Por qué me siento más fuerte, saludable y en equilibrio cada día?"
SALUD,"¿Por qué mi sistema inmunológico me protege con eficacia?"
SALUD,"¿Por qué cada día mi cuerpo y mi mente trabajan en armonía?"
SALUD,"¿Por qué mi alimentación y hábitos fortalecen mi salud?"
SALUD,"¿Por qué disfruto mover mi cuerpo y mantenerme activo?"
SALUD,"¿Por qué la salud fluye en cada parte de mi ser?"
SALUD,"¿Por qué cada respiración me llena de energía y bienestar?"
SALUD,"¿Por qué descanso profundamente y me despierto renovado?"
SALUD,"¿Por qué mi cuerpo sabe exactamente cómo sanar y equilibrarse?"
SALUD,"¿Por qué cada día me siento más joven y vital?"
SALUD,"¿Por qué la salud y la felicidad son mi estado natural?"
SALUD,"¿Por qué mi mente y mi cuerpo están en perfecta armonía?"
SALUD,"¿Por qué cada día me lleno de energía y vitalidad?"
SALUD,"¿Por qué mi digestión es saludable y eficiente?"
SALUD,"¿Por qué mi piel brilla con salud y bienestar?"
SALUD,"¿Por qué mi corazón late con fuerza y salud perfecta?"
SALUD,"¿Por qué mis músculos y articulaciones están llenos de fuerza y flexibilidad?"
SALUD,"¿Por qué mi cuerpo me agradece cada elección saludable que tomo?"
SALUD,"¿Por qué disfruto cuidar mi bienestar físico, mental y emocional?"
SALUD,"¿Por qué cada día me siento más en paz y en equilibrio?"
SALUD,"¿Por qué la salud perfecta es mi estado natural?"
SALUD,"¿Por qué mi sistema nervioso está tranquilo y en equilibrio?"
SALUD,"¿Por qué mi metabolismo funciona de manera óptima?"
SALUD,"¿Por qué cada día mi cuerpo se renueva y se llena de energía?"
SALUD,"¿Por qué la vida me llena de salud y bienestar?"
SALUD,"¿Por qué tengo una increíble capacidad para sanar y renovarme?"
SALUD,"¿Por qué el ejercicio me llena de alegría y vitalidad?"
SALUD,"¿Por qué cada célula de mi cuerpo está en equilibrio y armonía?"
SALUD,"¿Por qué mi salud mejora con cada pensamiento positivo que tengo?"
SALUD,"¿Por qué mi cuerpo responde con gratitud a mis cuidados?"
SALUD,"¿Por qué disfruto el proceso de fortalecer mi salud y bienestar?"
SALUD,"¿Por qué mi cuerpo está lleno de energía y libre de malestar?"
SALUD,"¿Por qué siempre tengo la energía suficiente para todo lo que quiero hacer?"
SALUD,"¿Por qué mi salud física y mental se alinean con mi bienestar?"
SALUD,"¿Por qué mis pensamientos positivos refuerzan mi salud?"
SALUD,"¿Por qué disfruto de cada comida saludable que nutre mi cuerpo?"
SALUD,"¿Por qué cada noche descanso profundamente y me despierto renovado?"
SALUD,"¿Por qué mis hábitos diarios me acercan cada vez más a una vida saludable?"
SALUD,"¿Por qué mi sistema inmune es fuerte y me protege con facilidad?"
SALUD,"¿Por qué cada actividad que realizo fortalece mi bienestar?"
SALUD,"¿Por qué tengo una salud óptima en todas las áreas de mi vida?"
SALUD,"¿Por qué cada día descubro nuevas formas de mejorar mi salud?"
SALUD,"¿Por qué mi cuerpo me guía intuitivamente hacia hábitos saludables?"
SALUD,"¿Por qué la gratitud que siento refuerza mi salud y bienestar?"
SALUD,"¿Por qué mi vida está llena de energía, equilibrio y bienestar?"
SALUD,"¿Por qué cada día mi cuerpo y mi mente se sienten mejor y más fuertes?"
FELICIDAD,"¿Por qué cada día me siento más feliz y pleno?"
FELICIDAD,"¿Por qué la felicidad es una constante en mi vida?"
FELICIDAD,"¿Por qué siempre encuentro motivos para estar agradecido y feliz?"
FELICIDAD,"¿Por qué la alegría y el bienestar fluyen fácilmente hacia mí?"
FELICIDAD,"¿Por qué cada momento de mi vida está lleno de luz y positividad?"
FELICIDAD,"¿Por qué siempre tengo razones para reír y disfrutar?"
FELICIDAD,"¿Por qué la felicidad se manifiesta en cada aspecto de mi vida?"
FELICIDAD,"¿Por qué mi corazón está lleno de gratitud y amor?"
FELICIDAD,"¿Por qué cada día es una nueva oportunidad para disfrutar la vida?"
FELICIDAD,"¿Por qué mi mente está llena de pensamientos positivos y felices?"
FELICIDAD,"¿Por qué la felicidad viene a mí de manera natural y sin esfuerzo?"
FELICIDAD,"¿Por qué me rodeo de personas que me llenan de alegría?"
FELICIDAD,"¿Por qué disfruto cada experiencia con entusiasmo y gratitud?"
FELICIDAD,"¿Por qué mi vida está llena de momentos felices y gratificantes?"
FELICIDAD,"¿Por qué la alegría es mi estado natural?"
FELICIDAD,"¿Por qué cada día me acerco más a mis sueños y metas?"
FELICIDAD,"¿Por qué mi vida está llena de amor, paz y felicidad?"
FELICIDAD,"¿Por qué me permito disfrutar cada instante con plenitud?"
FELICIDAD,"¿Por qué el universo siempre me brinda razones para ser feliz?"
FELICIDAD,"¿Por qué mi actitud positiva me abre puertas a nuevas oportunidades?"
FELICIDAD,"¿Por qué mi felicidad no depende de las circunstancias externas?"
FELICIDAD,"¿Por qué siempre tengo una sonrisa en mi rostro?"
FELICIDAD,"¿Por qué la felicidad está en los pequeños detalles de mi vida?"
FELICIDAD,"¿Por qué disfruto el presente sin preocuparme por el futuro?"
FELICIDAD,"¿Por qué cada día descubro nuevas razones para sentirme afortunado?"
FELICIDAD,"¿Por qué mi bienestar emocional crece con cada experiencia?"
FELICIDAD,"¿Por qué la vida me sorprende con momentos de pura alegría?"
FELICIDAD,"¿Por qué la felicidad que siento es contagiosa para los demás?"
FELICIDAD,"¿Por qué mi paz interior me permite disfrutar la vida al máximo?"
FELICIDAD,"¿Por qué cada día es una bendición llena de felicidad?"
FELICIDAD,"¿Por qué mi energía positiva atrae más alegría a mi vida?"
FELICIDAD,"¿Por qué encuentro belleza en cada instante de mi día?"
FELICIDAD,"¿Por qué soy capaz de transformar cualquier situación en una oportunidad para crecer?"
FELICIDAD,"¿Por qué la felicidad es mi elección en cada momento?"
FELICIDAD,"¿Por qué todo lo que hago me acerca a una vida más plena y feliz?"
FELICIDAD,"¿Por qué siempre veo lo mejor en cada situación?"
FELICIDAD,"¿Por qué cada paso que doy me llena de satisfacción y alegría?"
FELICIDAD,"¿Por qué disfruto de una vida plena y llena de propósito?"
FELICIDAD,"¿Por qué la felicidad me acompaña en cada camino que tomo?"
FELICIDAD,"¿Por qué me permito ser feliz sin límites ni condiciones?"
FELICIDAD,"¿Por qué cada día despierto con gratitud y entusiasmo?"
FELICIDAD,"¿Por qué mi vida está llena de momentos mágicos y especiales?"
FELICIDAD,"¿Por qué tengo el poder de crear mi propia felicidad?"
FELICIDAD,"¿Por qué la paz y la felicidad van siempre de la mano en mi vida?"
FELICIDAD,"¿Por qué todo lo que necesito para ser feliz ya está dentro de mí?"
FELICIDAD,"¿Por qué mi felicidad se expande y toca la vida de los demás?"
FELICIDAD,"¿Por qué mi corazón está abierto a recibir toda la alegría del mundo?"
FELICIDAD,"¿Por qué la felicidad es mi compañero constante?"
FELICIDAD,"¿Por qué cada día es una nueva oportunidad para ser feliz?"
FELICIDAD,"¿Por qué la felicidad que siento es infinita y genuina?"
DINERO,"¿Por qué el dinero llega a mí en abundancia y con facilidad?"
DINERO,"¿Por qué siempre tengo más que suficiente para cubrir mis necesidades y deseos?"
DINERO,"¿Por qué cada día mi riqueza y estabilidad financiera aumentan?"
DINERO,"¿Por qué la abundancia es mi estado natural y la acepto con gratitud?"
DINERO,"¿Por qué el universo siempre me provee de dinero en el momento perfecto?"
DINERO,"¿Por qué mis ingresos crecen constantemente y sin esfuerzo?"
DINERO,"¿Por qué las oportunidades financieras llegan a mí sin dificultad?"
DINERO,"¿Por qué el dinero circula en mi vida de manera armoniosa y equilibrada?"
DINERO,"¿Por qué disfruto de una relación sana y positiva con el dinero?"
DINERO,"¿Por qué cada inversión que hago me trae grandes recompensas?"
DINERO,"¿Por qué mi mentalidad de abundancia atrae riqueza sin límites?"
DINERO,"¿Por qué el dinero fluye hacia mí desde múltiples fuentes?"
DINERO,"¿Por qué la prosperidad es una constante en mi vida?"
DINERO,"¿Por qué cada día recibo más ingresos de formas inesperadas?"
DINERO,"¿Por qué siempre encuentro nuevas maneras de generar riqueza?"
DINERO,"¿Por qué el dinero que gasto regresa a mí multiplicado?"
DINERO,"¿Por qué mi trabajo y pasión me brindan abundancia y estabilidad financiera?"
DINERO,"¿Por qué me siento merecedor de toda la riqueza que el universo tiene para ofrecerme?"
DINERO,"¿Por qué mis habilidades y talentos me llevan a la prosperidad?"
DINERO,"¿Por qué la riqueza y la felicidad van de la mano en mi vida?"
DINERO,"¿Por qué cada día aprendo más sobre cómo administrar y multiplicar mi dinero?"
DINERO,"¿Por qué siempre tengo dinero para todo lo que necesito y deseo?"
DINERO,"¿Por qué las oportunidades económicas correctas aparecen en mi camino?"
DINERO,"¿Por qué mi cuenta bancaria crece constantemente?"
DINERO,"¿Por qué tengo una mentalidad próspera y de éxito financiero?"
DINERO,"¿Por qué me rodeo de personas que me inspiran a ser financieramente exitoso?"
DINERO,"¿Por qué mis decisiones financieras siempre son acertadas?"
DINERO,"¿Por qué disfruto administrar mi dinero con sabiduría?"
DINERO,"¿Por qué mi riqueza crece sin esfuerzo y con facilidad?"
DINERO,"¿Por qué el dinero siempre encuentra su camino hacia mí?"
DINERO,"¿Por qué me siento en paz y seguro con mi situación financiera?"
DINERO,"¿Por qué soy un canal abierto para la prosperidad infinita?"
DINERO,"¿Por qué todas mis acciones están alineadas con la abundancia?"
DINERO,"¿Por qué siempre tengo dinero extra para disfrutar la vida?"
DINERO,"¿Por qué soy libre financieramente y disfruto de mi riqueza?"
DINERO,"¿Por qué cada decisión financiera que tomo mejora mi futuro?"
DINERO,"¿Por qué siempre recibo más dinero del que gasto?"
DINERO,"¿Por qué mis ingresos pasivos aumentan constantemente?"
DINERO,"¿Por qué la abundancia económica es parte de mi realidad diaria?"
DINERO,"¿Por qué el dinero me permite vivir la vida que deseo?"
DINERO,"¿Por qué mi actitud positiva atrae éxito y riqueza?"
DINERO,"¿Por qué las oportunidades de negocio y crecimiento financiero me buscan?"
DINERO,"¿Por qué todo lo que toco se convierte en éxito y abundancia?"
DINERO,"¿Por qué estoy rodeado de oportunidades económicas prósperas?"
DINERO,"¿Por qué el dinero es una herramienta que mejora mi vida y la de los demás?"
DINERO,"¿Por qué confío plenamente en mi capacidad para atraer riqueza?"
DINERO,"¿Por qué cada paso que doy me acerca más a la libertad financiera?"
DINERO,"¿Por qué la prosperidad y la abundancia son mi derecho natural?"
DINERO,"¿Por qué el dinero me llega en cantidades inesperadas y maravillosas?"
DINERO,"¿Por qué mi vida está llena de bendiciones económicas?"
RELACIONES,"¿Por qué mis relaciones están llenas de amor y comprensión?"
RELACIONES,"¿Por qué atraigo personas que me valoran y respetan?"
RELACIONES,"¿Por qué mis relaciones se fortalecen con cada día que pasa?"
RELACIONES,"¿Por qué soy digno de amor y afecto en todas mis relaciones?"
RELACIONES,"¿Por qué disfruto de relaciones saludables y equilibradas?"
RELACIONES,"¿Por qué la comunicación en mis relaciones es clara y amorosa?"
RELACIONES,"¿Por qué mis vínculos con los demás se basan en la confianza y el respeto?"
RELACIONES,"¿Por qué el amor y la felicidad fluyen libremente en mis relaciones?"
RELACIONES,"¿Por qué las personas en mi vida me apoyan y me inspiran?"
RELACIONES,"¿Por qué siempre estoy rodeado de amor y energía positiva?"
RELACIONES,"¿Por qué doy y recibo amor de manera natural y sincera?"
RELACIONES,"¿Por qué mis relaciones románticas están llenas de pasión y compromiso?"
RELACIONES,"¿Por qué mi pareja y yo crecemos juntos en amor y armonía?"
RELACIONES,"¿Por qué mis relaciones familiares son amorosas y fortalecedoras?"
RELACIONES,"¿Por qué atraigo amistades genuinas y enriquecedoras?"
RELACIONES,"¿Por qué cada relación en mi vida me enseña y me hace mejor persona?"
RELACIONES,"¿Por qué mis seres queridos me aceptan tal como soy?"
RELACIONES,"¿Por qué expreso mis sentimientos con honestidad y amor?"
RELACIONES,"¿Por qué el amor en mi vida se expande y crece cada día?"
RELACIONES,"¿Por qué mis relaciones son estables y armoniosas?"
RELACIONES,"¿Por qué siempre atraigo relaciones llenas de amor y reciprocidad?"
RELACIONES,"¿Por qué me rodeo de personas que me hacen sentir amado y valorado?"
RELACIONES,"¿Por qué mi vida está llena de conexiones profundas y significativas?"
RELACIONES,"¿Por qué la felicidad y la paz son la base de todas mis relaciones?"
RELACIONES,"¿Por qué todas mis relaciones están llenas de respeto y empatía?"
RELACIONES,"¿Por qué siempre encuentro personas con las que conecto de forma auténtica?"
RELACIONES,"¿Por qué disfruto de relaciones enriquecedoras y duraderas?"
RELACIONES,"¿Por qué me permito recibir amor en la misma medida en que lo doy?"
RELACIONES,"¿Por qué todas mis relaciones están alineadas con mi felicidad?"
RELACIONES,"¿Por qué mi corazón está abierto a recibir y dar amor incondicional?"
RELACIONES,"¿Por qué tengo la capacidad de mejorar y sanar mis relaciones?"
RELACIONES,"¿Por qué el amor verdadero está presente en mi vida en todas sus formas?"
RELACIONES,"¿Por qué me permito ser auténtico en todas mis relaciones?"
RELACIONES,"¿Por qué las personas que entran en mi vida me aportan felicidad y bienestar?"
RELACIONES,"¿Por qué mis relaciones están llenas de alegría y momentos inolvidables?"
RELACIONES,"¿Por qué siempre encuentro tiempo para nutrir mis relaciones importantes?"
RELACIONES,"¿Por qué merezco amor, respeto y compañía en mi vida?"
RELACIONES,"¿Por qué cada interacción que tengo fortalece mis lazos emocionales?"
RELACIONES,"¿Por qué mis relaciones se basan en la confianza mutua?"
RELACIONES,"¿Por qué siempre encuentro personas que me complementan y me apoyan?"
RELACIONES,"¿Por qué disfruto de una conexión profunda con mi pareja?"
RELACIONES,"¿Por qué mis relaciones son fuentes de amor, aprendizaje y crecimiento?"
RELACIONES,"¿Por qué el amor que doy regresa a mí multiplicado?"
RELACIONES,"¿Por qué cada día mejoro mi capacidad de amar y ser amado?"
RELACIONES,"¿Por qué mis relaciones están llenas de gratitud y felicidad?"
RELACIONES,"¿Por qué me rodeo de personas que enriquecen mi vida con su amor y amistad?"
RELACIONES,"¿Por qué mi vida amorosa es satisfactoria y plena?"
RELACIONES,"¿Por qué siempre tengo la claridad para elegir relaciones que me benefician?"
RELACIONES,"¿Por qué mi vida está llena de amor en todas sus formas y expresiones?"